plaka;name;bevoelkerung_2025;quelle_jahr;region;nuts2;bip_pro_kopf_tl;bip_jahr;arbeitslosenquote;alq_jahr;abgeordnete_2023;stimmen_2023_akp;stimmen_2023_chp;stimmen_2023_mhp;stimmen_2023_iyi;stimmen_2023_ysp;buergermeister_2024;gross_stadt;hinweis
1;Adana;2283609;2025;Akdeniz;TR62;350981;2024;?;?;15;29.96;28.50;10.87;10.88;9.71;CHP;ja;Karalar (CHP) Juli 2025 verhaftet und abgesetzt | laut Suchauszug 5.2.2026 freigelassen, nicht wieder im Amt | lehnt Wechsel zu YENİ ab
2;Adıyaman;617821;2025;Güneydoğu Anadolu;TRC1;327509;2024;?;?;5;52.09;18.54;4.05;0.00;12.08;CHP;nein;Tutdere (CHP) nach Festnahme unter Justizaufsicht (Stand Juli 2025)
3;Afyonkarahisar;751808;2025;Ege;TR33;336256;2024;6.4;2024;6;43.68;18.43;16.05;12.52;0.32;CHP;nein;Köksal am 12.05.2026 von CHP zu AKP gewechselt
4;Ağrı;491489;2025;Doğu Anadolu;TRA2;194660;2024;?;?;4;24.45;10.67;2.26;1.63;55.92;DEM;nein;
5;Amasya;342242;2025;Karadeniz;TR83;346376;2024;?;?;3;38.98;29.59;16.75;7.18;0.34;CHP;nein;
6;Ankara;5910320;2025;İç Anadolu;TR51;788859;2024;?;?;36;31.75;30.55;10.10;13.01;2.91;CHP;ja;Yavaş am 23.09.2026 aus CHP ausgetreten, parteilos | kein Wechsel zu YENİ
7;Antalya;2777677;2025;Akdeniz;TR61;561429;2024;?;?;17;28.19;32.26;9.87;11.45;4.72;CHP;ja;Böcek (CHP) verhaftet und abgesetzt
8;Artvin;167531;2025;Karadeniz;TR90;390108;2024;?;?;2;36.57;29.75;9.52;13.21;0.86;CHP;nein;Erdem laut Suchauszug Juli 2026 zu YENİ
9;Aydın;1172107;2025;Ege;TR32;387277;2024;?;?;8;27.83;35.51;8.46;13.09;7.22;CHP;ja;Çerçioğlu am 14.08.2025 von CHP zu AKP gewechselt
10;Balıkesir;1284517;2025;Marmara;TR22;459714;2024;?;?;9;33.99;31.33;8.01;14.78;2.00;CHP;ja;Akın bleibt laut Suchauszug in der CHP (Juni 2026)
11;Bilecik;228995;2025;Marmara;TR41;527473;2024;?;?;2;36.72;26.55;10.18;12.32;2.64;CHP;nein;Mızrak Subaşı laut Suchauszug Juli 2026 zu YENİ
12;Bingöl;282299;2025;Doğu Anadolu;TRB1;276713;2024;?;?;3;38.26;5.16;13.41;1.95;24.40;AKP;nein;
13;Bitlis;360423;2025;Doğu Anadolu;TRB2;231869;2024;?;?;3;36.81;0.00;3.55;13.21;40.84;AKP;nein;2023 keine eigene CHP-Liste (0 CHP-Stimmen im Datensatz)
14;Bolu;327173;2025;Karadeniz;TR42;548317;2024;?;?;3;36.28;21.62;23.37;7.49;0.81;CHP;nein;Özcan (CHP) laut Suchauszug abgesetzt (Datum ungeprüft)
15;Burdur;277226;2025;Akdeniz;TR61;392276;2024;?;?;3;35.96;31.02;13.95;11.54;0.62;CHP;nein;Ercengiz laut Suchauszug Juli 2026 zu YENİ
16;Bursa;3263011;2025;Marmara;TR41;492876;2024;?;?;20;38.47;24.12;8.45;12.04;4.28;CHP;ja;Bozbey laut Suchauszügen 10.06.2026 aus CHP ausgetreten und verhaftet | Stellvertreter Şahin Biba (AKP) gewählt (Reihenfolge/Daten ungeprüft)
17;Çanakkale;573976;2025;Marmara;TR22;482680;2024;?;?;4;31.42;35.28;6.42;16.57;1.91;CHP;nein;Erkek Juli 2026 zu YENİ
18;Çankırı;200549;2025;İç Anadolu;TR82;430386;2024;4.6;2024;2;41.69;0.00;31.11;18.05;0.30;MHP;nein;2023 keine eigene CHP-Liste (0 CHP-Stimmen im Datensatz)
19;Çorum;519590;2025;Karadeniz;TR83;328605;2024;?;?;4;39.59;30.99;20.15;0.00;0.40;AKP;nein;
20;Denizli;1060975;2025;Ege;TR32;411046;2024;?;?;7;33.29;31.82;8.28;14.26;2.36;CHP;ja;Çavuşoğlu am 28.07.2026 zu YENİ
21;Diyarbakır;1852356;2025;Güneydoğu Anadolu;TRC2;245024;2024;?;?;12;22.25;7.64;1.14;2.22;62.60;DEM;ja;
22;Edirne;422438;2025;Marmara;TR21;417266;2024;?;?;4;22.83;39.36;7.49;20.74;1.78;CHP;nein;Gencan laut einem einzelnen Suchauszug zu YENİ (ungeprüft)
23;Elazığ;605678;2025;Doğu Anadolu;TRB1;349939;2024;?;?;5;39.79;20.52;11.35;2.35;7.03;AKP;nein;
24;Erzincan;239625;2025;Doğu Anadolu;TRA1;394311;2024;?;?;2;38.04;36.31;19.71;0.00;1.03;MHP;nein;
25;Erzurum;736877;2025;Doğu Anadolu;TRA1;321146;2024;?;?;6;42.77;6.40;16.65;9.60;9.89;AKP;ja;
26;Eskişehir;927956;2025;İç Anadolu;TR41;530834;2024;?;?;6;32.45;34.06;7.11;14.02;1.96;CHP;ja;Ünlüce am 22.08.2026 zu YENİ
27;Gaziantep;2222415;2025;Güneydoğu Anadolu;TRC1;318204;2024;?;?;14;44.40;20.07;9.55;5.43;9.09;AKP;ja;
28;Giresun;455074;2025;Karadeniz;TR90;307828;2024;?;?;4;42.57;20.33;15.59;12.87;0.24;CHP;nein;
29;Gümüşhane;138807;2025;Karadeniz;TR90;287458;2024;?;?;2;46.92;0.00;26.40;18.67;0.30;MHP;nein;2023 keine eigene CHP-Liste (0 CHP-Stimmen im Datensatz)
30;Hakkari;279681;2025;Doğu Anadolu;TRB2;304752;2024;?;?;3;19.57;6.67;2.68;0.00;64.10;DEM;nein;Zwangsverwalter (kayyum) seit 3.6.2024, Akış (DEM) abgesetzt
31;Hatay;1577531;2025;Akdeniz;TR63;346978;2024;?;?;11;33.14;28.33;12.09;8.11;3.02;AKP;ja;
32;Isparta;445303;2025;Akdeniz;TR61;388226;2024;?;?;4;31.89;21.98;20.45;16.59;0.69;AKP;nein;
33;Mersin;1956428;2025;Akdeniz;TR62;444761;2024;?;?;13;23.96;30.83;11.86;11.99;13.32;CHP;ja;Seçer bleibt laut Suchauszug in der CHP
34;İstanbul;15754053;2025;Marmara;TR10;802669;2024;?;?;98;35.43;28.27;6.02;8.15;8.11;CHP;ja;İmamoğlu (CHP) verhaftet und abgesetzt (laut Suchauszug März 2025) | Stellvertreter führt
35;İzmir;4504185;2025;Ege;TR31;556376;2024;?;?;28;24.34;41.06;5.11;11.53;7.45;CHP;ja;Tugay am 18.06.2026 aus CHP ausgetreten, parteilos
36;Kars;268991;2025;Doğu Anadolu;TRA2;302089;2024;?;?;3;24.81;16.07;9.56;15.10;28.49;MHP;nein;
37;Kastamonu;379934;2025;Karadeniz;TR82;395056;2024;4.6;2024;3;44.90;21.49;14.96;7.67;0.22;CHP;nein;Baltacı laut Suchauszug Juli 2026 zu YENİ
38;Kayseri;1458991;2025;İç Anadolu;TR72;403635;2024;?;?;10;40.10;16.88;19.04;10.11;0.83;AKP;ja;
39;Kırklareli;379595;2025;Marmara;TR21;531388;2024;?;?;3;24.42;45.60;4.62;15.42;1.70;MHP;nein;
40;Kırşehir;242777;2025;İç Anadolu;TR71;347041;2024;?;?;2;38.23;29.13;14.80;7.27;2.47;CHP;nein;Ekicioğlu laut Suchauszug Juli 2026 zu YENİ
41;Kocaeli;2161171;2025;Marmara;TR42;788873;2024;?;?;14;39.11;23.72;8.25;9.60;5.67;AKP;ja;
42;Konya;2343409;2025;İç Anadolu;TR52;388841;2024;?;?;15;47.60;13.22;14.27;8.76;2.55;AKP;ja;
43;Kütahya;570478;2025;Ege;TR33;406533;2024;6.4;2024;5;46.24;16.42;12.95;10.61;0.27;CHP;nein;
44;Malatya;755854;2025;Doğu Anadolu;TRB1;365880;2024;?;?;6;44.75;21.39;12.84;3.92;2.98;AKP;ja;
45;Manisa;1477756;2025;Ege;TR33;454705;2024;6.4;2024;10;30.86;29.26;13.97;11.17;5.64;CHP;ja;gewählt Ferdi Zeyrek (CHP) | heutiger Amtsinhaber Besim Dutlulu laut Suchauszug zu YENİ
46;Kahramanmaraş;1146278;2025;Akdeniz;TR63;342387;2024;?;?;8;47.21;15.92;16.12;7.11;1.16;AKP;ja;
47;Mardin;903576;2025;Güneydoğu Anadolu;TRC3;247416;2024;?;?;6;24.30;6.55;3.19;1.11;56.11;DEM;ja;Zwangsverwalter (kayyum), Türk (DEM) abgesetzt | Verlängerung bis 4.7.2026 laut Suchauszug
48;Muğla;1099547;2025;Ege;TR32;526553;2024;?;?;7;23.60;37.62;6.03;17.29;3.32;CHP;ja;
49;Muş;389127;2025;Doğu Anadolu;TRB2;230300;2024;?;?;3;20.23;0.00;16.43;5.59;51.53;DEM;nein;2023 keine eigene CHP-Liste (0 CHP-Stimmen im Datensatz)
50;Nevşehir;320150;2025;İç Anadolu;TR71;365241;2024;?;?;3;38.88;17.13;20.37;16.02;0.49;İYİ;nein;
51;Niğde;374492;2025;İç Anadolu;TR71;362804;2024;?;?;3;33.05;23.95;22.43;12.35;0.45;AKP;nein;
52;Ordu;768087;2025;Karadeniz;TR90;293783;2024;?;?;6;44.64;24.01;12.60;9.89;0.20;AKP;ja;
53;Rize;346947;2025;Karadeniz;TR90;355740;2024;?;?;3;53.27;21.36;12.93;0.00;0.30;AKP;nein;
54;Sakarya;1123693;2025;Marmara;TR42;479426;2024;?;?;8;46.97;15.96;11.93;11.04;1.46;AKP;ja;
55;Samsun;1392403;2025;Karadeniz;TR83;369415;2024;?;?;9;41.82;19.41;14.15;12.21;0.28;AKP;ja;
56;Siirt;332369;2025;Güneydoğu Anadolu;TRC3;261810;2024;?;?;3;35.39;7.16;3.62;1.42;47.89;DEM;nein;Zwangsverwalter (kayyum), Alağaş (DEM) abgesetzt
57;Sinop;225848;2025;Karadeniz;TR82;321023;2024;4.6;2024;2;42.07;25.44;8.94;9.49;0.34;CHP;nein;
58;Sivas;631401;2025;İç Anadolu;TR72;351134;2024;?;?;5;39.96;15.98;18.02;7.32;0.43;BBP;nein;
59;Tekirdağ;1208441;2025;Marmara;TR21;604226;2024;?;?;8;29.99;36.26;6.24;11.30;6.06;CHP;ja;Yüceer am 24.08.2026 zu YENİ
60;Tokat;614141;2025;Karadeniz;TR83;264527;2024;?;?;5;36.65;20.37;22.14;11.18;0.31;MHP;nein;Karte adaletsizlik-haritasi (Stand 07/2025) führt Mehmet Kemal Yazıcıoğlu als AKP – möglicher Übertritt, ungeprüft
61;Trabzon;823323;2025;Karadeniz;TR90;345969;2024;?;?;6;47.44;17.68;10.73;12.27;0.30;AKP;ja;
62;Tunceli;85083;2025;Doğu Anadolu;TRB1;478675;2024;?;?;1;12.07;32.13;5.37;2.20;43.87;DEM;nein;Zwangsverwalter (kayyum), Konak (DEM) abgesetzt
63;Şanlıurfa;2265800;2025;Güneydoğu Anadolu;TRC2;188144;2024;?;?;14;42.49;7.46;9.27;4.56;25.33;YRP;ja;
64;Uşak;374405;2025;Ege;TR33;397680;2024;6.4;2024;3;35.41;28.93;9.21;17.71;1.30;CHP;nein;
65;Van;1112013;2025;Doğu Anadolu;TRB2;203049;2024;?;?;8;25.04;8.21;4.82;0.00;54.27;DEM;ja;Zwangsverwalter (kayyum), Zeydan (DEM) abgesetzt
66;Yozgat;413208;2025;İç Anadolu;TR72;303087;2024;?;?;4;42.91;0.00;23.10;23.39;0.35;YRP;nein;2023 keine eigene CHP-Liste (0 CHP-Stimmen im Datensatz)
67;Zonguldak;585203;2025;Karadeniz;TR81;364851;2024;?;?;5;39.57;32.03;8.27;10.07;0.33;CHP;nein;Erdem laut einem einzelnen Suchauszug zu YENİ (ungeprüft)
68;Aksaray;441136;2025;İç Anadolu;TR71;404383;2024;?;?;4;43.21;0.00;20.91;25.22;0.59;AKP;nein;2023 keine eigene CHP-Liste (0 CHP-Stimmen im Datensatz)
69;Bayburt;82836;2025;Karadeniz;TRA1;331432;2024;?;?;1;59.62;0.00;16.56;16.27;0.42;AKP;nein;2023 keine eigene CHP-Liste (0 CHP-Stimmen im Datensatz)
70;Karaman;262355;2025;İç Anadolu;TR52;471850;2024;?;?;3;40.45;18.98;18.09;11.00;0.49;MHP;nein;
71;Kırıkkale;282830;2025;İç Anadolu;TR71;436061;2024;?;?;3;34.73;26.46;21.19;10.23;0.30;CHP;nein;
72;Batman;662626;2025;Güneydoğu Anadolu;TRC3;236422;2024;?;?;5;28.38;7.91;1.13;0.00;59.29;DEM;nein;Zwangsverwalter (kayyum), Batman-Bürgermeister (DEM) abgesetzt
73;Şırnak;573666;2025;Güneydoğu Anadolu;TRC3;306150;2024;?;?;4;20.49;8.15;2.14;1.07;64.43;AKP;nein;
74;Bartın;206663;2025;Karadeniz;TR81;318484;2024;?;?;2;36.04;31.65;23.49;0.00;0.32;CHP;nein;
75;Ardahan;90392;2025;Doğu Anadolu;TRA2;385104;2024;?;?;2;34.38;29.62;2.96;4.86;21.75;CHP;nein;
76;Iğdır;205071;2025;Doğu Anadolu;TRA2;264690;2024;?;?;2;34.68;5.91;4.51;6.60;44.66;DEM;nein;
77;Yalova;311635;2025;Marmara;TR42;501231;2024;?;?;3;33.54;28.62;11.26;9.63;5.62;CHP;nein;
78;Karabük;249614;2025;Karadeniz;TR81;369785;2024;?;?;3;37.00;21.69;15.91;9.76;0.40;AKP;nein;
79;Kilis;157363;2025;Güneydoğu Anadolu;TRC1;253567;2024;?;?;2;38.92;19.93;26.89;5.78;0.86;CHP;nein;
80;Osmaniye;564123;2025;Akdeniz;TR63;316158;2024;?;?;4;32.31;16.96;28.60;12.75;2.00;MHP;nein;
81;Düzce;415622;2025;Karadeniz;TR42;450404;2024;?;?;3;49.26;22.58;16.14;0.00;0.96;AKP;nein;
